﻿{"name":"BRA2018","dataColors":["#CC092F","#2B479C","#F36279","#B41A83","#73308B","#ccc002","#4eae13","#ae1713"],"visualStyles":{"*":{"*":{"*":[{"fontSize":9,"fontFamily":"Segoe UI","color":{"solid":{}}}],"general":[{"responsive":true}]}},"barChart":{"*":{"general":[{"responsive":true}],"legend":[{"show":true,"position":"Left","showTitle":false}],"labels":[{"show":true,"color":{"solid":{"color":"#1c1c1c"}},"fontSize":9,"fontFamily":"Segoe UI light"}]}},"tableEx":{"*":{"grid":[{"gridVertical":true}],"columnHeaders":[{"fontColor":{"solid":{"color":"#ffffff"}},"backColor":{"solid":{"color":"#182191"}},"autoSizeColumnWidth":false,"fontFamily":"Segoe (Bold)","fontSize":9}]}}}}